{
  "feature_order": [
    "Size",
    "Sweetness",
    "Crunchiness",
    "Juiciness",
    "Ripeness",
    "Acidity"
  ],
  "mean": [
    -0.5014366649003095,
    -0.4605980192772612,
    0.978948668392664,
    0.5264102895586672,
    0.48341482334495856,
    0.09776826981276307
  ],
  "scale": [
    1.925851388051301,
    1.9521611088152897,
    1.3952968998288253,
    1.946678587864575,
    1.8753946604349878,
    2.1024445175749307
  ],
  "target": "Weight"
}