{
  "feature_order": [
    "Size",
    "Sweetness",
    "Softness",
    "HarvestTime",
    "Ripeness",
    "Acidity"
  ],
  "mean": [
    -0.7928081604995428,
    -0.7409864058225087,
    -0.019846170976301696,
    -0.7805482733934955,
    0.8075759566793281,
    -0.008604152524211324
  ],
  "scale": [
    2.1203527840397616,
    1.93689476543556,
    2.066820626448507,
    1.992519810398067,
    2.101543876563415,
    2.294925213889551
  ],
  "classes": [
    "Bad",
    "Good"
  ]
}